mean_curvature,max_curvature,min_curvature,std_deviation,total_energy,quantum_density
7.427054546224967e-06,0.028663425645572296,-0.029395063303326575,0.007068248626519685,705.2215007336698,3.490644682067422e+32
